{ 
	"token": "Nzk5NTUyNjQ5MTc5NTYxOTk3.YAFPbg.6K5rQj9Skr6w1buRnayhLvFpzxg",
	"prefix": "!",
	"servername" : "Tsapos Services",
	"logo": "https://cdn.discordapp.com/attachments/806198079689982022/821002646567518228/services.png",
	"color": "#FF0000",
	"serverip": "5.189.163.117",
	"serverport": "30120",
	"suggestionschannelid": "799565037932118019",
	"darknetchannelid": "799566696645656606",
	"darknetlogsid": "799566771555401728",
	"twitterchannelid": "799566709261729802",
	"ambulanceapplication": "[<@&805530403309748264>](https://discord.com)",
	"policeapplication": "[<@&826732656329752596>](https://discord.com)",
	"staffapplication": "[<@&799550457152405545>](https://discord.com)",
	"staffroleid": "<@&799583786873651200>",
	"staffid": "799550457152405545",
	"ticketscategory": "820595343128395786",
	"serverid": "799550086320619540",
	"memberid": "799550750500847627",
	"welcomemessage": "__Καλωσήρθες στον Tsapos Services Discord Server__",
	"supportroomid": "805854458059292712",
	"donateroomid": "832504989674373121",
	"supportdonatecategoryid": "799550086320619541"
}