{ 
	"token": "please_configure",
	"prefix": "please_configure",
	"servername" : "please_configure",
	"logo": "please_configure",
	"color": "please_configure",
	"serverip": "please_configure",
	"serverport": "please_configure",
	"suggestionschannelid": "please_configure",
	"darknetchannelid": "please_configure",
	"darknetlogsid": "please_configure",
	"twitterchannelid": "please_configure",
	"ambulanceapplication": "please_configure",
	"policeapplication": "please_configure",
	"staffapplication": "please_configure",
	"staffroleid": "please_configure",
	"staffid": "please_configure",
	"ticketscategory": "please_configure",
	"serverid": "please_configure",
	"memberid": "please_configure",
	"welcomemessage": "please_configure",
	"supportroomid": "please_configure",
	"donateroomid": "please_configure",
	"supportdonatecategoryid": "please_configure"
}